Abadal,/brand-57/abadal
Abarth,/brand-38/abarth
ABC,/brand-58/abc
Aberdonia,/brand-59/aberdonia
AC,/brand-39/ac
Acura,/brand-61/acura
Adams,/brand-62/adams
Adler,/brand-63/adler
Aero,/brand-64/aero
Aixam,/brand-65/aixam
Ajax,/brand-66/ajax
AJS,/brand-67/ajs
Albion,/brand-68/albion
Alfa,/brand-69/alfa
Alfa Romeo,/brand-71/alfa-romeo
Allard,/brand-72/allard
Alldays,/brand-73/alldays
Alma,/brand-74/alma
Alpine,/brand-75/alpine
Alta,/brand-76/alta
Alvis,/brand-77/alvis
AM General,/brand-81/am-general
Ambassador,/brand-78/ambassador
AMC,/brand-40/amc
American,/brand-79/american
American Underslung,/brand-80/american-underslung
Amilcar,/brand-82/amilcar
Amphicar,/brand-83/amphicar
Andre,/brand-84/andre
Ansaldo,/brand-85/ansaldo
Apollo,/brand-87/apollo
Apperson,/brand-88/apperson
Arab,/brand-89/arab
Argyll,/brand-90/argyll
Ariel,/brand-91/ariel
Arista,/brand-92/arista
Armstrong Siddeley,/brand-93/armstrong-siddeley
Arnolt,/brand-94/arnolt
Arrol-Johnston,/brand-95/arrol-johnston
Art & Tech,/brand-97/art-tech
Artega,/brand-96/artega
ASA,/brand-98/asa
Ascari,/brand-99/ascari
ASL,/brand-100/asl
Aster,/brand-101/aster
Aston Martin,/brand-41/aston-martin
Astra,/brand-102/astra
Atalanta,/brand-103/atalanta
ATS,/brand-104/ats
Auburn,/brand-105/auburn
Audi,/brand-2/audi
Austin,/brand-42/austin
Austin-Healey,/brand-106/austin-healey
Austro-Daimler,/brand-107/austro-daimler
Auto-Union,/brand-110/auto-union
Autobianchi,/brand-108/autobianchi
Autobleu,/brand-109/autobleu
Autovia,/brand-111/autovia
Avanti,/brand-112/avanti
AWZ-Zwickau,/brand-113/awz-zwickau
Aymesa,/brand-114/aymesa
AZLK,/brand-115/azlk
B Engineering,/brand-122/b-engineering
b+b,/brand-118/bb
Ballot,/brand-116/ballot
Batten,/brand-117/batten
Beck,/brand-119/beck
Beijing,/brand-120/beijing
Belsize,/brand-121/belsize
Bentley,/brand-43/bentley
Benz,/brand-123/benz
Berkeley,/brand-124/berkeley
Bertone,/brand-125/bertone
Bianchi,/brand-126/bianchi
Bitter,/brand-127/bitter
Bizzarrini,/brand-128/bizzarrini
BMW,/brand-129/bmw
BMW-Isetta,/brand-130/bmw-isetta
Bolwell,/brand-132/bolwell
Bond,/brand-133/bond
Borgward,/brand-134/borgward
Brasinca,/brand-135/brasinca
Brewster,/brand-136/brewster
Bricklin,/brand-137/bricklin
Brilliance,/brand-138/brilliance
Briscoe,/brand-139/briscoe
Bristol,/brand-140/bristol
Britannia,/brand-141/britannia
British Salmson,/brand-142/british-salmson
Brough Superior,/brand-143/brough-superior
Brush,/brand-144/brush
BSA,/brand-146/bsa
Bucciali,/brand-147/bucciali
Buckler,/brand-148/buckler
Bugatti,/brand-151/bugatti
Buick,/brand-24/buick
BYD,/brand-152/byd
Cadillac,/brand-25/cadillac
Calthorpe,/brand-153/calthorpe
Caparo,/brand-154/caparo
Case,/brand-155/case
Castagna,/brand-156/castagna
Caterham,/brand-157/caterham
CG,/brand-158/cg
Champion,/brand-160/champion
Chandler,/brand-161/chandler
Checker,/brand-162/checker
Chenard-Walcker,/brand-163/chenard-walcker
Chery,/brand-164/chery
Chevrolet,/brand-167/chevrolet
Chiribiri,/brand-168/chiribiri
Chrysler,/brand-171/chrysler
Cisitalia,/brand-172/cisitalia
Cizeta-Moroder,/brand-173/cizeta-moroder
Clan,/brand-174/clan
Claveau,/brand-175/claveau
Connaught,/brand-176/connaught
Continental,/brand-177/continental
Cooper,/brand-178/cooper
Cord,/brand-179/cord
Costin,/brand-180/costin
Cottin-Desgouttes,/brand-181/cottin-desgouttes
Crossley,/brand-182/crossley
CSC,/brand-183/csc
Cunningham,/brand-184/cunningham
Dacia,/brand-185/dacia
Daewoo,/brand-44/daewoo
DAF,/brand-186/daf
Dagmar,/brand-187/dagmar
Daihatsu,/brand-27/daihatsu
Daimler,/brand-189/daimler
Darracq,/brand-190/darracq
Darracq Lago,/brand-191/darracq-lago
Datsun,/brand-192/datsun
Dauer,/brand-193/dauer
Davis,/brand-194/davis
Davrian,/brand-195/davrian
DB,/brand-196/db
De Dietrich,/brand-197/de-dietrich
De Dion Bouton,/brand-198/de-dion-bouton
De Lorean,/brand-203/de-lorean
De Soto,/brand-205/de-soto
De Tomaso,/brand-206/de-tomaso
Deep Sanderson,/brand-199/deep-sanderson
Delage,/brand-200/delage
Delahaye,/brand-201/delahaye
Dellow,/brand-202/dellow
Denzel,/brand-204/denzel
Diana,/brand-207/diana
Diatto,/brand-208/diatto
Dinfia,/brand-209/dinfia
Diva,/brand-210/diva
Dixi,/brand-211/dixi
DKW,/brand-212/dkw
DKW-Vemag,/brand-213/dkw-vemag
Dodge,/brand-214/dodge
Dome,/brand-215/dome
Dort,/brand-216/dort
Du Pont,/brand-218/du-pont
Duesenberg,/brand-217/duesenberg
Durant,/brand-219/durant
Dutton,/brand-222/dutton
Eagle,/brand-223/eagle
Ecosse,/brand-224/ecosse
Edsel,/brand-225/edsel
Elcar,/brand-226/elcar
Elfin,/brand-227/elfin
Elva,/brand-228/elva
EMF,/brand-229/emf
Emme,/brand-230/emme
Enzmann,/brand-231/enzmann
Eshelman,/brand-232/eshelman
Excelsior,/brand-233/excelsior
Facel Vega,/brand-234/facel-vega
Fafnir,/brand-235/fafnir
Fageol,/brand-236/fageol
Fairthorpe,/brand-237/fairthorpe
Falcon,/brand-238/falcon
Faralli & Mazzanti,/brand-239/faralli-mazzanti
Farbio,/brand-240/farbio
Farboud,/brand-241/farboud
FBS,/brand-242/fbs
Ferrari,/brand-29/ferrari
Fiat,/brand-245/fiat
Fioravanti,/brand-246/fioravanti
Firestone-Columbus,/brand-247/firestone-columbus
Fisker,/brand-248/fisker
Fitch,/brand-249/fitch
Flint,/brand-250/flint
FNM,/brand-251/fnm
Ford,/brand-256/ford
FPV,/brand-257/fpv
Franklin,/brand-258/franklin
Frazer,/brand-259/frazer
Frazer Nash,/brand-260/frazer-nash
Frisky,/brand-261/frisky
FSO,/brand-262/fso
Fuldamobil,/brand-263/fuldamobil
Gardner,/brand-264/gardner
GAZ,/brand-265/gaz
Geely,/brand-266/geely
Geo,/brand-267/geo
Ghia,/brand-268/ghia
Giannini,/brand-269/giannini
Gilbern,/brand-270/gilbern
Gillet,/brand-271/gillet
Ginetta,/brand-272/ginetta
GKN,/brand-273/gkn
Glas,/brand-274/glas
GM,/brand-275/gm
GN,/brand-276/gn
Gnome,/brand-277/gnome
Gobron,/brand-278/gobron
Goggomobil,/brand-279/goggomobil
Goliath,/brand-280/goliath
Gordon-Keeble,/brand-281/gordon-keeble
Graham,/brand-283/graham
Grant,/brand-284/grant
Gray,/brand-285/gray
Great Wall,/brand-286/great-wall
Gregoire,/brand-287/gregoire
Griffith,/brand-288/griffith
GSM,/brand-289/gsm
Gumpert,/brand-290/gumpert
Gurgel,/brand-291/gurgel
Gutbrod,/brand-292/gutbrod
Guy,/brand-293/guy
HAL,/brand-294/hal
Hammel,/brand-295/hammel
Hanomag,/brand-296/hanomag
Hansa,/brand-297/hansa
Healey,/brand-298/healey
Heinkel,/brand-299/heinkel
Hertz,/brand-300/hertz
Heuliez,/brand-301/heuliez
Hillman,/brand-302/hillman
Hindustan,/brand-303/hindustan
Hino,/brand-304/hino
Hispano Suiza,/brand-306/hispano-suiza
Holden,/brand-46/holden
Hommell,/brand-307/hommell
Honda,/brand-9/honda
Hongki,/brand-308/hongki
Horch,/brand-309/horch
Hotchkiss,/brand-310/hotchkiss
HRG,/brand-311/hrg
HSV,/brand-312/hsv
Hudson,/brand-313/hudson
Hulme,/brand-314/hulme
Humber,/brand-315/humber
Hupmobile,/brand-316/hupmobile
Hurtu,/brand-317/hurtu
Hyundai,/brand-318/hyundai
IFA,/brand-319/ifa
IKA,/brand-320/ika
Imperial,/brand-321/imperial
Infiniti,/brand-322/infiniti
Innocenti,/brand-323/innocenti
Intermeccanica,/brand-324/intermeccanica
International Harvester,/brand-325/international-harvester
Invicta,/brand-326/invicta
Iota,/brand-327/iota
Irmscher,/brand-328/irmscher
Isatis,/brand-329/isatis
Isdera,/brand-330/isdera
Isetta,/brand-331/isetta
Iso,/brand-332/iso
Isotta-Fraschini,/brand-333/isotta-fraschini
Isuzu,/brand-47/isuzu
Itala,/brand-334/itala
Italdesign,/brand-335/italdesign
Izh,/brand-336/izh
Jaguar,/brand-31/jaguar
Jeep,/brand-337/jeep
Jensen,/brand-338/jensen
Jiotto,/brand-339/jiotto
Jordan,/brand-340/jordan
Jowett,/brand-341/jowett
Kaiser,/brand-342/kaiser
Keller,/brand-343/keller
Kia,/brand-48/kia
Kieft,/brand-344/kieft
Kissel,/brand-345/kissel
Kleinschnittger,/brand-346/kleinschnittger
Knox,/brand-347/knox
Koenig,/brand-348/koenig
Koenigsegg,/brand-349/koenigsegg
KTM,/brand-350/ktm
La Buire,/brand-351/la-buire
La Fayette,/brand-352/la-fayette
La Salle,/brand-358/la-salle
Lagonda,/brand-353/lagonda
Lamborghini,/brand-49/lamborghini
Lammas-Graham,/brand-354/lammas-graham
Lanchester,/brand-355/lanchester
Lancia,/brand-10/lancia
Land Rover,/brand-356/land-rover
Laraki,/brand-357/laraki
Lawil,/brand-359/lawil
Le Zebre,/brand-371/le-zebre
Lea-Francis,/brand-361/lea-francis
Leader,/brand-360/leader
Leblanc,/brand-362/leblanc
Ledl,/brand-363/ledl
Leidart,/brand-364/leidart
Lexington,/brand-366/lexington
Lexus,/brand-367/lexus
Leyland,/brand-370/leyland
Light Car Company,/brand-372/light-car-company
Ligier,/brand-373/ligier
Lincoln,/brand-50/lincoln
Lizard,/brand-374/lizard
Lloyd,/brand-376/lloyd
LMX,/brand-377/lmx
Locomobile,/brand-378/locomobile
Lola,/brand-379/lola
Lombard,/brand-380/lombard
Lorraine,/brand-381/lorraine
Lorraine Dietrich,/brand-382/lorraine-dietrich
Lotus,/brand-51/lotus
LTI,/brand-383/lti
Lutzmann,/brand-384/lutzmann
Magna Steyr,/brand-385/magna-steyr
Maico,/brand-386/maico
Marathon,/brand-387/marathon
Marauder,/brand-388/marauder
Marcos,/brand-389/marcos
Marendaz,/brand-390/marendaz
Marmon,/brand-391/marmon
Martin,/brand-392/martin
Maserati,/brand-32/maserati
Mastretta,/brand-393/mastretta
Matra,/brand-394/matra
Matra Bonnet,/brand-395/matra-bonnet
Matra-Simca,/brand-396/matra-simca
Matra-Talbot,/brand-397/matra-talbot
Maudslay,/brand-398/maudslay
Maxwell,/brand-399/maxwell
Maybach,/brand-400/maybach
Mazda,/brand-401/mazda
MBM,/brand-402/mbm
MCA,/brand-403/mca
MCC,/brand-404/mcc
McLaren,/brand-405/mclaren
Mean,/brand-406/mean
Mega,/brand-407/mega
Melkus,/brand-408/melkus
Mercedes,/brand-409/mercedes
Mercedes-Benz,/brand-12/mercedes-benz
Mercer,/brand-410/mercer
Mercury,/brand-52/mercury
Merkur,/brand-411/merkur
Messerschmitt,/brand-412/messerschmitt
Metallurgique,/brand-413/metallurgique
Metrocab,/brand-414/metrocab
Metropolitan,/brand-415/metropolitan
MG,/brand-53/mg
Mikasa,/brand-416/mikasa
Mikrus,/brand-417/mikrus
Minerva,/brand-418/minerva
MINI,/brand-420/mini
Mitsubishi,/brand-421/mitsubishi
Mohs,/brand-422/mohs
Momo,/brand-423/momo
Monica,/brand-424/monica
Monteverdi,/brand-425/monteverdi
Moretti,/brand-426/moretti
Morgan,/brand-427/morgan
Morris,/brand-428/morris
Mosler,/brand-429/mosler
Muntz,/brand-430/muntz
MVS,/brand-431/mvs
NAG,/brand-432/nag
Napier,/brand-433/napier
Nardi,/brand-434/nardi
Nash,/brand-435/nash
Nazzaro,/brand-436/nazzaro
New Orleans,/brand-437/new-orleans
Nissan,/brand-438/nissan
Nobel,/brand-439/nobel
Noble,/brand-440/noble
NSU,/brand-441/nsu
Oakland,/brand-442/oakland
Obvio!,/brand-443/obvio
ODA,/brand-444/oda
Ogle,/brand-445/ogle
Ohta,/brand-446/ohta
Oka,/brand-447/oka
Oldsmobile,/brand-54/oldsmobile
Oltcit,/brand-448/oltcit
OM,/brand-449/om
Opel,/brand-450/opel
Osca,/brand-451/osca
OSI,/brand-452/osi
Otosan,/brand-453/otosan
Overland,/brand-454/overland
Packard,/brand-455/packard
Pag,/brand-456/pag
Pagani,/brand-457/pagani
Paige,/brand-458/paige
Panhard,/brand-459/panhard
Panhard et Levassor,/brand-460/panhard-et-levassor
Panoz,/brand-461/panoz
Panther,/brand-462/panther
Paramount,/brand-463/paramount
Paterson,/brand-464/paterson
Paykan,/brand-465/paykan
Peel,/brand-466/peel
Peerless,/brand-468/peerless
Pegaso,/brand-469/pegaso
Pennsylvania,/brand-470/pennsylvania
Perodua,/brand-471/perodua
Perry,/brand-472/perry
Peugeot,/brand-16/peugeot
Phantom Corsair,/brand-473/phantom-corsair
Pierce-Arrow,/brand-474/pierce-arrow
Pinguin,/brand-475/pinguin
Pininfarina,/brand-476/pininfarina
Piontek,/brand-477/piontek
Playboy,/brand-478/playboy
Plymouth,/brand-479/plymouth
Pontiac,/brand-480/pontiac
Porsche,/brand-18/porsche
Premier,/brand-481/premier
Prince,/brand-482/prince
Princess,/brand-483/princess
Prodrive,/brand-484/prodrive
Proto,/brand-485/proto
Proton,/brand-486/proton
Puma,/brand-487/puma
Qvale,/brand-488/qvale
Radical,/brand-489/radical
Railton,/brand-490/railton
Rambler,/brand-491/rambler
Rapier,/brand-492/rapier
Raymond Mays,/brand-493/raymond-mays
RCH,/brand-494/rch
Red Flag,/brand-495/red-flag
Reliant,/brand-496/reliant
Renault,/brand-498/renault
Revere,/brand-500/revere
Rickenbacker,/brand-501/rickenbacker
Riley,/brand-502/riley
Rinspeed,/brand-503/rinspeed
Roamer,/brand-504/roamer
Rochdale,/brand-505/rochdale
Rochet-Schneider,/brand-506/rochet-schneider
Rolls-Royce,/brand-507/rolls-royce
Rover,/brand-33/rover
Rovin,/brand-508/rovin
Royce,/brand-509/royce
Ruf,/brand-510/ruf
Rumpler,/brand-511/rumpler
Russo-Baltique,/brand-512/russo-baltique
Ruston-Hornsby,/brand-513/ruston-hornsby
Saab,/brand-34/saab
Saipa,/brand-514/saipa
Saleen,/brand-515/saleen
Salmson,/brand-516/salmson
Samsung,/brand-517/samsung
San,/brand-518/san
Saturn,/brand-519/saturn
Saxon,/brand-520/saxon
Sbarro,/brand-521/sbarro
Scania-Vabis,/brand-522/scania-vabis
Scion,/brand-523/scion
Scott,/brand-524/scott
Scripps-Booth,/brand-525/scripps-booth
Seat,/brand-35/seat
Shanghai,/brand-526/shanghai
Sheffield-Simplex,/brand-527/sheffield-simplex
Shelby,/brand-528/shelby
Shelby Super Cars,/brand-529/shelby-super-cars
Siata,/brand-530/siata
Simca,/brand-532/simca
Simca Vedette,/brand-533/simca-vedette
Singer,/brand-534/singer
Skoda,/brand-36/skoda
smart,/brand-535/smart
Smyjk,/brand-536/smyjk
Sovam,/brand-537/sovam
SPA,/brand-538/spa
Spadaconcept,/brand-539/spadaconcept
Spectre,/brand-540/spectre
Spyker,/brand-541/spyker
Squire,/brand-542/squire
Ssangyong,/brand-543/ssangyong
Sta Matilde,/brand-544/sta-matilde
Standard,/brand-546/standard
Stanley,/brand-547/stanley
Star,/brand-548/star
Stearns Knight,/brand-549/stearns-knight
Stephens,/brand-550/stephens
Steyr,/brand-551/steyr
Steyr-Puch,/brand-552/steyr-puch
Stoewer,/brand-553/stoewer
Strathcarron,/brand-554/strathcarron
Studebaker,/brand-555/studebaker
Stutz,/brand-556/stutz
Subaru,/brand-20/subaru
Suminoe,/brand-557/suminoe
Sunbeam,/brand-558/sunbeam
Sunbeam-Talbot,/brand-559/sunbeam-talbot
Suzuki,/brand-560/suzuki
Suzulight,/brand-561/suzulight
Swallow Doretti,/brand-562/swallow-doretti
Syrena,/brand-563/syrena
Talbot,/brand-566/talbot
Talbot-Lago,/brand-567/talbot-lago
Tamplin,/brand-568/tamplin
Tata,/brand-569/tata
Tatra,/brand-570/tatra
Tchaika,/brand-571/tchaika
Temperino,/brand-572/temperino
Tesla,/brand-573/tesla
Th. Schneider,/brand-575/th-schneider
Thames,/brand-574/thames
TMC,/brand-576/tmc
Tommy,/brand-577/tommy
Tornado,/brand-578/tornado
Toyopet,/brand-579/toyopet
Toyota,/brand-582/toyota
Trabant,/brand-583/trabant
Tracta,/brand-584/tracta
Treser,/brand-585/treser
Trident,/brand-586/trident
Triumph,/brand-55/triumph
Tsukuba,/brand-587/tsukuba
Tucker,/brand-588/tucker
Turner,/brand-590/turner
TVR,/brand-56/tvr
Twombly,/brand-591/twombly
TZ,/brand-592/tz
Ultima,/brand-593/ultima
UMM,/brand-594/umm
Unic,/brand-595/unic
Unicar,/brand-596/unicar
Unipower,/brand-597/unipower
Vaillante,/brand-598/vaillante
Vale,/brand-599/vale
Vanden Plas,/brand-601/vanden-plas
Vandenbrink,/brand-600/vandenbrink
Vauxhall,/brand-603/vauxhall
VAZ,/brand-604/vaz
Vector,/brand-605/vector
Vegantune,/brand-606/vegantune
Velie,/brand-607/velie
Velorex,/brand-608/velorex
Vemac,/brand-609/vemac
Venturi,/brand-610/venturi
Vermorel,/brand-611/vermorel
Vernon-Derby,/brand-612/vernon-derby
Vespa,/brand-613/vespa
Victoria,/brand-614/victoria
Vignale,/brand-615/vignale
Voisin,/brand-616/voisin
Volkswagen,/brand-621/volkswagen
Volvo,/brand-622/volvo
Wanderer,/brand-623/wanderer
Warszawa,/brand-624/warszawa
Wartburg,/brand-625/wartburg
Warwick,/brand-626/warwick
Weber Sportscars,/brand-627/weber-sportscars
Wendax,/brand-628/wendax
Wiesmann,/brand-629/wiesmann
Wills Sainte Claire,/brand-630/wills-sainte-claire
Willys,/brand-631/willys
Willys-Overland,/brand-633/willys-overland
Wolseley,/brand-634/wolseley
Woodill,/brand-635/woodill
Yamaha,/brand-636/yamaha
Yes!,/brand-637/yes
Yue Loong,/brand-638/yue-loong
Zagato,/brand-639/zagato
Zastava,/brand-640/zastava
ZAZ,/brand-641/zaz
Zender,/brand-643/zender
Zeta,/brand-644/zeta
Zhonghua,/brand-645/zhonghua
ZIL,/brand-646/zil
ZIS,/brand-647/zis
Zundapp,/brand-648/zundapp
Duryea,/brand-221/duryea
